Date,Year,Week,Day,Day_of_Week,Quarter,Shipment_Volume,Holiday,Previous_Day_Demand,Previous_Week_Demand,Rolling_7Day_Avg,Rolling_30Day_Avg,Total_Weight_lbs,Total_Revenue,Load_Count
2022-01-01,2022,52,1,Saturday,1,981,No,1128.4325153374234,1128.2229102167182,1128.5838124723573,1127.3085072231138,2044415,219579.08,71
2022-01-02,2022,52,2,Sunday,1,1008,No,981.0,1128.2229102167182,1128.5838124723573,1127.3085072231138,1786337,205794.25,70
2022-01-03,2022,1,3,Monday,1,1146,No,1008.0,1128.2229102167182,1128.5838124723573,1127.3085072231138,2158645,237467.11,79
2022-01-04,2022,1,4,Tuesday,1,1162,No,1146.0,1128.2229102167182,1128.5838124723573,1127.3085072231138,1835157,205524.62,70
2022-01-05,2022,1,5,Wednesday,1,1124,No,1162.0,1128.2229102167182,1128.5838124723573,1127.3085072231138,2114359,220139.44,77
2022-01-06,2022,1,6,Thursday,1,1361,No,1124.0,1128.2229102167182,1128.5838124723573,1127.3085072231138,2066527,258638.33,81
2022-01-07,2022,1,7,Friday,1,1359,No,1361.0,1128.2229102167182,1128.5838124723573,1127.3085072231138,2473994,292990.52,90
2022-01-08,2022,1,8,Saturday,1,1149,No,1359.0,981.0,1163.0,1127.3085072231138,2294082,256681.47,80
2022-01-09,2022,1,9,Sunday,1,1359,No,1149.0,1008.0,1187.0,1127.3085072231138,2353200,270724.92,81
2022-01-10,2022,2,10,Monday,1,1366,No,1359.0,1146.0,1237.142857142857,1127.3085072231138,2491964,237896.97,90
2022-01-11,2022,2,11,Tuesday,1,1070,No,1366.0,1162.0,1268.571428571429,1127.3085072231138,1974360,206433.0,71
2022-01-12,2022,2,12,Wednesday,1,1207,No,1070.0,1124.0,1255.428571428571,1127.3085072231138,1958635,228843.95,75
2022-01-13,2022,2,13,Thursday,1,966,No,1207.0,1361.0,1267.285714285714,1127.3085072231138,2121348,208982.64,73
2022-01-14,2022,2,14,Friday,1,1342,No,966.0,1359.0,1210.857142857143,1127.3085072231138,2296886,268473.7,85
2022-01-15,2022,2,15,Saturday,1,1514,No,1342.0,1149.0,1208.428571428571,1127.3085072231138,2929623,316610.27,101
2022-01-16,2022,2,16,Sunday,1,1063,No,1514.0,1359.0,1260.571428571429,1127.3085072231138,2003361,196212.14,72
2022-01-17,2022,3,17,Monday,1,1293,No,1063.0,1366.0,1218.285714285714,1127.3085072231138,2531948,263528.79,86
2022-01-18,2022,3,18,Tuesday,1,1177,No,1293.0,1070.0,1207.857142857143,1127.3085072231138,2390457,260124.3,84
2022-01-19,2022,3,19,Wednesday,1,1166,No,1177.0,1207.0,1223.142857142857,1127.3085072231138,2185342,203680.79,78
2022-01-20,2022,3,20,Thursday,1,1287,No,1166.0,966.0,1217.285714285714,1127.3085072231138,2351255,270944.15,84
2022-01-21,2022,3,21,Friday,1,1222,No,1287.0,1342.0,1263.142857142857,1127.3085072231138,1891057,212998.83,75
2022-01-22,2022,3,22,Saturday,1,1085,No,1222.0,1514.0,1246.0,1127.3085072231138,2252791,265631.59,85
2022-01-23,2022,3,23,Sunday,1,1272,No,1085.0,1063.0,1184.714285714286,1127.3085072231138,2154529,252050.92,81
2022-01-24,2022,4,24,Monday,1,997,No,1272.0,1293.0,1214.571428571429,1127.3085072231138,1977769,202111.15,69
2022-01-25,2022,4,25,Tuesday,1,1306,No,997.0,1177.0,1172.285714285714,1127.3085072231138,2146285,266368.83,82
2022-01-26,2022,4,26,Wednesday,1,1102,Yes,1306.0,1166.0,1190.714285714286,1127.3085072231138,2208857,257229.19,78
2022-01-27,2022,4,27,Thursday,1,1176,No,1102.0,1287.0,1181.571428571429,1127.3085072231138,2118783,261804.67,78
2022-01-28,2022,4,28,Friday,1,1199,No,1176.0,1222.0,1165.714285714286,1127.3085072231138,1960704,224058.8,75
2022-01-29,2022,4,29,Saturday,1,1324,No,1199.0,1085.0,1162.428571428571,1127.3085072231138,2591854,303553.76,88
2022-01-30,2022,4,30,Sunday,1,1291,No,1324.0,1272.0,1196.571428571429,1127.3085072231138,1985829,246008.81,79
2022-01-31,2022,5,31,Monday,1,1135,No,1291.0,997.0,1199.285714285714,1202.466666666667,2130776,245275.0,78
2022-02-01,2022,5,1,Tuesday,1,857,No,1135.0,1306.0,1219.0,1207.6,1886680,188316.1,66
2022-02-02,2022,5,2,Wednesday,1,922,No,857.0,1102.0,1154.857142857143,1202.566666666667,1880153,220296.69,70
2022-02-03,2022,5,3,Thursday,1,1358,No,922.0,1176.0,1129.142857142857,1195.1,2310029,228671.73,88
2022-02-04,2022,5,4,Friday,1,1091,No,1358.0,1199.0,1155.142857142857,1201.633333333333,2098881,246105.89,77
2022-02-05,2022,5,5,Saturday,1,1121,No,1091.0,1324.0,1139.714285714286,1200.533333333333,2223075,223704.73,76
2022-02-06,2022,5,6,Sunday,1,1210,No,1121.0,1291.0,1110.714285714286,1192.533333333333,2254907,233901.37,78
2022-02-07,2022,6,7,Monday,1,1336,No,1210.0,1135.0,1099.142857142857,1187.566666666667,2446642,243622.47,84
2022-02-08,2022,6,8,Tuesday,1,889,No,1336.0,857.0,1127.857142857143,1193.8,1803839,224948.7,70
2022-02-09,2022,6,9,Wednesday,1,1026,No,889.0,922.0,1132.428571428571,1178.133333333333,1806152,231403.32,67
2022-02-10,2022,6,10,Thursday,1,1285,No,1026.0,1358.0,1147.285714285714,1166.8,2368265,249228.13,85
2022-02-11,2022,6,11,Friday,1,1040,No,1285.0,1091.0,1136.857142857143,1173.966666666667,2158832,192655.11,71
2022-02-12,2022,6,12,Saturday,1,1060,No,1040.0,1121.0,1129.571428571429,1168.4,2197904,259049.67,81
2022-02-13,2022,6,13,Sunday,1,1221,No,1060.0,1210.0,1120.857142857143,1171.533333333333,2257026,241580.67,85
2022-02-14,2022,7,14,Monday,1,1210,No,1221.0,1336.0,1122.428571428571,1167.5,2471909,289024.68,90
2022-02-15,2022,7,15,Tuesday,1,881,No,1210.0,889.0,1104.428571428571,1157.366666666667,1756007,197841.6,62
2022-02-16,2022,7,16,Wednesday,1,1091,No,881.0,1026.0,1103.285714285714,1151.3,1923526,188749.44,72
2022-02-17,2022,7,17,Thursday,1,1707,No,1091.0,1285.0,1112.571428571429,1144.566666666667,2878201,325898.26,106
2022-02-18,2022,7,18,Friday,1,997,No,1707.0,1040.0,1172.857142857143,1162.233333333333,2310725,226376.19,76
2022-02-19,2022,7,19,Saturday,1,1215,No,997.0,1060.0,1166.714285714286,1156.6,2348121,256510.1,82
2022-02-20,2022,7,20,Sunday,1,1204,No,1215.0,1221.0,1188.857142857143,1154.2,2389284,258201.24,86
2022-02-21,2022,8,21,Monday,1,1008,No,1204.0,1210.0,1186.428571428571,1153.6,1827924,188974.64,68
2022-02-22,2022,8,22,Tuesday,1,1241,No,1008.0,881.0,1157.571428571429,1151.033333333333,2500131,305416.67,90
2022-02-23,2022,8,23,Wednesday,1,1131,No,1241.0,1091.0,1209.0,1150.0,2432380,284961.02,86
2022-02-24,2022,8,24,Thursday,1,838,No,1131.0,1707.0,1214.714285714286,1154.466666666667,1940022,178136.1,65
2022-02-25,2022,8,25,Friday,1,958,No,838.0,997.0,1090.571428571429,1138.866666666667,1975696,213297.62,73
2022-02-26,2022,8,26,Saturday,1,1298,No,958.0,1215.0,1085.0,1134.066666666667,2132848,244376.59,80
2022-02-27,2022,8,27,Sunday,1,1167,No,1298.0,1204.0,1096.857142857143,1138.133333333333,2324457,242502.72,81
2022-02-28,2022,9,28,Monday,1,883,No,1167.0,1008.0,1091.571428571429,1137.066666666667,1774682,190507.61,64
2022-03-01,2022,9,1,Tuesday,1,1333,Yes,883.0,1241.0,1073.714285714286,1122.366666666667,2661075,290172.98,96
2022-03-02,2022,9,2,Wednesday,1,1160,No,1333.0,1131.0,1086.857142857143,1123.766666666667,2371211,258724.92,87
2022-03-03,2022,9,3,Thursday,1,1139,No,1160.0,838.0,1091.0,1124.6,2256331,245734.85,84
2022-03-04,2022,9,4,Friday,1,1080,No,1139.0,958.0,1134.0,1134.0,2106743,216615.85,77
2022-03-05,2022,9,5,Saturday,1,1182,No,1080.0,1298.0,1151.428571428571,1139.266666666667,2265674,235644.05,79
2022-03-06,2022,9,6,Sunday,1,1102,No,1182.0,1167.0,1134.857142857143,1133.4,2002015,242449.49,75
2022-03-07,2022,10,7,Monday,1,1073,No,1102.0,883.0,1125.571428571429,1133.766666666667,2101289,255359.76,73
2022-03-08,2022,10,8,Tuesday,1,1267,No,1073.0,1333.0,1152.714285714286,1132.166666666667,2235469,268255.28,82
2022-03-09,2022,10,9,Wednesday,1,1142,No,1267.0,1160.0,1143.285714285714,1134.066666666667,1965277,227405.08,73
2022-03-10,2022,10,10,Thursday,1,1271,No,1142.0,1139.0,1140.714285714286,1127.6,2317904,248721.65,87
2022-03-11,2022,10,11,Friday,1,1029,No,1271.0,1080.0,1159.571428571429,1140.333333333333,1898720,217446.74,69
2022-03-12,2022,10,12,Saturday,1,918,No,1029.0,1182.0,1152.285714285714,1140.433333333333,1676118,227224.58,61
2022-03-13,2022,10,13,Sunday,1,918,No,918.0,1102.0,1114.571428571429,1128.2,1951231,207062.49,69
2022-03-14,2022,11,14,Monday,1,918,No,918.0,1073.0,1088.285714285714,1124.133333333333,1902682,222958.76,67
2022-03-15,2022,11,15,Tuesday,1,1216,No,918.0,1267.0,1066.142857142857,1119.4,2135700,249838.99,80
2022-03-16,2022,11,16,Wednesday,1,1188,No,1216.0,1142.0,1058.857142857143,1119.233333333333,1961353,219568.72,72
2022-03-17,2022,11,17,Thursday,1,1094,No,1188.0,1271.0,1065.428571428571,1118.5,2426264,242555.1,81
2022-03-18,2022,11,18,Friday,1,1196,Yes,1094.0,1029.0,1040.142857142857,1125.6,2274693,313659.5,89
2022-03-19,2022,11,19,Saturday,1,1035,No,1196.0,918.0,1064.0,1129.1,1871324,204753.1,70
2022-03-20,2022,11,20,Sunday,1,752,No,1035.0,918.0,1080.714285714286,1106.7,1539940,180068.23,54
2022-03-21,2022,12,21,Monday,1,1067,No,752.0,918.0,1057.0,1098.533333333333,1973864,225062.64,73
2022-03-22,2022,12,22,Tuesday,1,1174,No,1067.0,1216.0,1078.285714285714,1093.6,2300481,273220.42,84
2022-03-23,2022,12,23,Wednesday,1,933,No,1174.0,1188.0,1072.285714285714,1092.6,1940122,243261.79,74
2022-03-24,2022,12,24,Thursday,1,942,No,933.0,1094.0,1035.857142857143,1090.1,2019008,213237.44,73
2022-03-25,2022,12,25,Friday,1,1195,No,942.0,1196.0,1014.142857142857,1080.133333333333,2358487,217688.86,80
2022-03-26,2022,12,26,Saturday,1,939,No,1195.0,1035.0,1014.0,1082.266666666667,1762273,182853.53,61
2022-03-27,2022,12,27,Sunday,1,1319,No,939.0,752.0,1000.285714285714,1085.633333333333,2524920,310955.43,92
2022-03-28,2022,13,28,Monday,1,1066,No,1319.0,1067.0,1081.285714285714,1097.666666666667,1815030,214617.32,71
2022-03-29,2022,13,29,Tuesday,1,1100,No,1066.0,1174.0,1081.142857142857,1089.933333333333,1917296,231555.94,74
2022-03-30,2022,13,30,Wednesday,1,1260,No,1100.0,933.0,1070.571428571429,1087.7,2312429,269684.09,79
2022-03-31,2022,13,31,Thursday,1,1319,No,1260.0,942.0,1117.285714285714,1100.266666666667,2448403,244839.47,84
2022-04-01,2022,13,1,Friday,2,1056,No,1319.0,1195.0,1171.142857142857,1099.8,2205163,205533.42,76
2022-04-02,2022,13,2,Saturday,2,1114,No,1056.0,939.0,1151.285714285714,1096.333333333333,2187020,245299.62,79
2022-04-03,2022,13,3,Sunday,2,1105,No,1114.0,1319.0,1176.285714285714,1095.5,2204746,224232.98,82
2022-04-04,2022,14,4,Monday,2,1060,No,1105.0,1066.0,1145.714285714286,1096.333333333333,2035362,283759.34,79
2022-04-05,2022,14,5,Tuesday,2,1212,No,1060.0,1100.0,1144.857142857143,1092.266666666667,2150371,256104.44,77
2022-04-06,2022,14,6,Wednesday,2,1010,No,1212.0,1260.0,1160.857142857143,1095.933333333333,1938969,204210.73,68
2022-04-07,2022,14,7,Thursday,2,1496,No,1010.0,1319.0,1125.142857142857,1093.833333333333,2755456,314507.07,98
2022-04-08,2022,14,8,Friday,2,1236,No,1496.0,1056.0,1150.428571428571,1101.466666666667,2409327,262116.19,85
2022-04-09,2022,14,9,Saturday,2,948,No,1236.0,1114.0,1176.142857142857,1104.6,1938037,193419.39,67
2022-04-10,2022,14,10,Sunday,2,835,No,948.0,1105.0,1152.428571428571,1093.833333333333,1782980,165581.34,63
2022-04-11,2022,15,11,Monday,2,1211,No,835.0,1060.0,1113.857142857143,1087.366666666667,2138038,233251.38,75
2022-04-12,2022,15,12,Tuesday,2,1132,No,1211.0,1212.0,1135.428571428571,1097.133333333333,2042920,218992.51,72
2022-04-13,2022,15,13,Wednesday,2,1200,No,1132.0,1010.0,1124.0,1104.266666666667,2273503,272690.49,85
2022-04-14,2022,15,14,Thursday,2,1131,Yes,1200.0,1496.0,1151.142857142857,1113.666666666667,1965947,228812.47,72
2022-04-15,2022,15,15,Friday,2,1113,Yes,1131.0,1236.0,1099.0,1110.833333333333,2217420,256334.39,79
2022-04-16,2022,15,16,Saturday,2,1075,No,1113.0,948.0,1081.428571428571,1108.333333333333,2247139,235634.65,81
2022-04-17,2022,15,17,Sunday,2,1375,No,1075.0,835.0,1099.571428571429,1107.7,2780687,276708.27,95
2022-04-18,2022,16,18,Monday,2,1180,No,1375.0,1211.0,1176.714285714286,1113.666666666667,2184978,253166.14,81
2022-04-19,2022,16,19,Tuesday,2,1112,No,1180.0,1132.0,1172.285714285714,1118.5,2486054,275638.55,88
2022-04-20,2022,16,20,Wednesday,2,1168,No,1112.0,1200.0,1169.428571428571,1130.5,2543837,252015.83,82
2022-04-21,2022,16,21,Thursday,2,1103,No,1168.0,1131.0,1164.857142857143,1133.866666666667,2069711,232840.14,77
2022-04-22,2022,16,22,Friday,2,1249,No,1103.0,1113.0,1160.857142857143,1131.5,2198839,283409.88,84
2022-04-23,2022,16,23,Saturday,2,1367,No,1249.0,1075.0,1180.285714285714,1142.033333333333,2558392,249580.31,91
2022-04-24,2022,16,24,Sunday,2,1208,No,1367.0,1375.0,1222.0,1156.2,2287857,223292.97,80
2022-04-25,2022,17,25,Monday,2,1147,No,1208.0,1180.0,1198.142857142857,1156.633333333333,2435756,236808.67,86
2022-04-26,2022,17,26,Tuesday,2,964,No,1147.0,1112.0,1193.428571428571,1163.566666666667,1721913,190614.75,65
2022-04-27,2022,17,27,Wednesday,2,992,No,964.0,1168.0,1172.285714285714,1151.733333333333,2027525,240262.94,76
2022-04-28,2022,17,28,Thursday,2,1121,No,992.0,1103.0,1147.142857142857,1149.266666666667,2142717,240850.35,73
2022-04-29,2022,17,29,Friday,2,826,No,1121.0,1249.0,1149.714285714286,1149.966666666667,1610333,192144.49,59
2022-04-30,2022,17,30,Saturday,2,976,No,826.0,1367.0,1089.285714285714,1135.5,1894435,208227.52,71
2022-05-01,2022,17,1,Sunday,2,960,No,976.0,1208.0,1033.428571428571,1124.066666666667,1949725,208134.95,72
2022-05-02,2022,18,2,Monday,2,1291,No,960.0,1147.0,998.0,1120.866666666667,2353964,252696.48,85
2022-05-03,2022,18,3,Tuesday,2,1001,Yes,1291.0,964.0,1018.571428571429,1126.766666666667,2182446,242423.29,77
2022-05-04,2022,18,4,Wednesday,2,1286,No,1001.0,992.0,1023.857142857143,1123.3,2296131,239553.13,83
2022-05-05,2022,18,5,Thursday,2,1120,No,1286.0,1121.0,1065.857142857143,1130.833333333333,2528900,290992.79,90
2022-05-06,2022,18,6,Friday,2,1175,No,1120.0,826.0,1065.714285714286,1127.766666666667,2257274,244666.86,83
2022-05-07,2022,18,7,Saturday,2,1145,No,1175.0,976.0,1115.571428571429,1133.266666666667,2446097,292702.75,84
2022-05-08,2022,18,8,Sunday,2,1033,No,1145.0,960.0,1139.714285714286,1121.566666666667,1881021,205942.9,70
2022-05-09,2022,19,9,Monday,2,937,No,1033.0,1291.0,1150.142857142857,1114.8,1697797,173383.81,63
2022-05-10,2022,19,10,Tuesday,2,1273,No,937.0,1001.0,1099.571428571429,1114.433333333333,2349191,262437.67,89
2022-05-11,2022,19,11,Wednesday,2,1150,No,1273.0,1286.0,1138.428571428571,1129.033333333333,2416769,283324.12,87
2022-05-12,2022,19,12,Thursday,2,1204,No,1150.0,1120.0,1119.0,1127.0,2237214,244457.52,81
2022-05-13,2022,19,13,Friday,2,1022,No,1204.0,1175.0,1131.0,1129.4,2028920,231126.35,74
2022-05-14,2022,19,14,Saturday,2,1048,No,1022.0,1145.0,1109.142857142857,1123.466666666667,2144599,246767.79,72
2022-05-15,2022,19,15,Sunday,2,1182,No,1048.0,1033.0,1095.285714285714,1120.7,2109091,233789.65,78
2022-05-16,2022,20,16,Monday,2,1327,Yes,1182.0,937.0,1116.571428571429,1123.0,2388032,275860.13,85
2022-05-17,2022,20,17,Tuesday,2,1145,No,1327.0,1273.0,1172.285714285714,1131.4,2117140,234066.19,75
2022-05-18,2022,20,18,Wednesday,2,1479,No,1145.0,1150.0,1154.0,1123.733333333333,2802786,363303.38,108
2022-05-19,2022,20,19,Thursday,2,1174,No,1479.0,1204.0,1201.0,1133.7,2419062,297150.74,88
2022-05-20,2022,20,20,Friday,2,879,No,1174.0,1022.0,1196.714285714286,1135.766666666667,1975025,234176.66,69
2022-05-21,2022,20,21,Saturday,2,756,No,879.0,1048.0,1176.285714285714,1126.133333333333,1774607,197549.74,62
2022-05-22,2022,20,22,Sunday,2,1087,No,756.0,1182.0,1134.571428571429,1114.566666666667,2004039,242396.56,74
2022-05-23,2022,21,23,Monday,2,1157,No,1087.0,1327.0,1121.0,1109.166666666667,2110225,218160.76,76
2022-05-24,2022,21,24,Tuesday,2,1132,No,1157.0,1145.0,1096.714285714286,1102.166666666667,2120183,224953.84,78
2022-05-25,2022,21,25,Wednesday,2,998,No,1132.0,1479.0,1094.857142857143,1099.633333333333,2240143,260825.38,81
2022-05-26,2022,21,26,Thursday,2,1188,No,998.0,1174.0,1026.142857142857,1094.666666666667,2203900,244326.08,80
2022-05-27,2022,21,27,Friday,2,1121,No,1188.0,879.0,1028.142857142857,1102.133333333333,2236357,229452.68,78
2022-05-28,2022,21,28,Saturday,2,1198,No,1121.0,756.0,1062.714285714286,1106.433333333333,1935208,201516.83,70
2022-05-29,2022,21,29,Sunday,2,924,No,1198.0,1087.0,1125.857142857143,1109.0,1777744,199479.13,64
2022-05-30,2022,22,30,Monday,2,1036,No,924.0,1157.0,1102.571428571429,1112.266666666667,1940564,223762.95,74
2022-05-31,2022,22,31,Tuesday,2,1159,No,1036.0,1132.0,1085.285714285714,1114.266666666667,2166817,218680.22,78
2022-06-01,2022,22,1,Wednesday,2,886,No,1159.0,998.0,1089.142857142857,1120.9,1586173,229710.25,63
2022-06-02,2022,22,2,Thursday,2,1335,No,886.0,1188.0,1073.142857142857,1107.4,2613728,299720.33,92
2022-06-03,2022,22,3,Friday,2,1074,No,1335.0,1121.0,1094.142857142857,1118.533333333333,2126447,222509.46,76
2022-06-04,2022,22,4,Saturday,2,986,No,1074.0,1198.0,1087.428571428571,1111.466666666667,1790363,159776.28,66
2022-06-05,2022,22,5,Sunday,2,1174,No,986.0,924.0,1057.142857142857,1107.0,2036672,240738.3,73
2022-06-06,2022,23,6,Monday,2,1183,No,1174.0,1036.0,1092.857142857143,1106.966666666667,2203937,245702.46,79
2022-06-07,2022,23,7,Tuesday,2,1288,No,1183.0,1159.0,1113.857142857143,1108.233333333333,2446388,259438.7,84
2022-06-08,2022,23,8,Wednesday,2,1120,No,1288.0,886.0,1132.285714285714,1116.733333333333,2032820,272665.6,82
2022-06-09,2022,23,9,Thursday,2,1051,No,1120.0,1335.0,1165.714285714286,1122.833333333333,2019446,216357.68,72
2022-06-10,2022,23,10,Friday,2,1230,No,1051.0,1074.0,1125.142857142857,1115.433333333333,2126629,245994.07,80
2022-06-11,2022,23,11,Saturday,2,1119,No,1230.0,986.0,1147.428571428571,1118.1,2135766,224559.29,77
2022-06-12,2022,23,12,Sunday,2,1517,No,1119.0,1174.0,1166.428571428571,1115.266666666667,2864904,323100.78,106
2022-06-13,2022,24,13,Monday,2,1186,No,1517.0,1183.0,1215.428571428571,1131.766666666667,2046751,237387.9,77
2022-06-14,2022,24,14,Tuesday,2,1078,No,1186.0,1288.0,1215.857142857143,1136.366666666667,2154741,227902.47,80
2022-06-15,2022,24,15,Wednesday,2,1146,No,1078.0,1120.0,1185.857142857143,1132.9,2053023,237219.99,74
2022-06-16,2022,24,16,Thursday,2,1048,No,1146.0,1051.0,1189.571428571429,1126.866666666667,1994900,204868.77,73
2022-06-17,2022,24,17,Friday,2,1170,No,1048.0,1230.0,1189.142857142857,1123.633333333333,1952513,229641.93,77
2022-06-18,2022,24,18,Saturday,2,1020,No,1170.0,1119.0,1180.571428571429,1113.333333333333,2318571,222703.38,82
2022-06-19,2022,24,19,Sunday,2,1326,No,1020.0,1517.0,1166.428571428571,1108.2,2261410,270332.52,81
2022-06-20,2022,25,20,Monday,2,1363,No,1326.0,1186.0,1139.142857142857,1123.1,2467197,286364.24,91
2022-06-21,2022,25,21,Tuesday,2,1358,No,1363.0,1078.0,1164.428571428571,1143.333333333333,2575558,281273.93,93
2022-06-22,2022,25,22,Wednesday,2,878,No,1358.0,1146.0,1204.428571428571,1152.366666666667,1745317,190647.2,60
2022-06-23,2022,25,23,Thursday,2,1166,No,878.0,1048.0,1166.142857142857,1143.066666666667,2240911,240033.1,80
2022-06-24,2022,25,24,Friday,2,1532,No,1166.0,1170.0,1183.0,1144.2,2751666,325681.77,101
2022-06-25,2022,25,25,Saturday,2,1109,No,1532.0,1020.0,1234.714285714286,1162.0,2063950,238144.14,68
2022-06-26,2022,25,26,Sunday,2,1009,No,1109.0,1326.0,1247.428571428571,1159.366666666667,1924352,226468.12,69
2022-06-27,2022,26,27,Monday,2,1268,No,1009.0,1363.0,1202.142857142857,1155.633333333333,2269015,260616.08,83
2022-06-28,2022,26,28,Tuesday,2,1111,No,1268.0,1358.0,1188.571428571429,1157.966666666667,2255533,247746.54,81
2022-06-29,2022,26,29,Wednesday,2,1209,No,1111.0,878.0,1153.285714285714,1164.2,2152825,233307.95,78
2022-06-30,2022,26,30,Thursday,2,971,No,1209.0,1166.0,1200.571428571429,1169.966666666667,2309689,225024.46,78
2022-07-01,2022,26,1,Friday,3,1115,No,971.0,1532.0,1172.714285714286,1163.7,2241731,238283.71,80
2022-07-02,2022,26,2,Saturday,3,1050,No,1115.0,1109.0,1113.142857142857,1171.333333333333,2105404,239955.12,79
2022-07-03,2022,26,3,Sunday,3,1165,No,1050.0,1009.0,1104.714285714286,1161.833333333333,1884665,205256.64,76
2022-07-04,2022,27,4,Monday,3,1232,No,1165.0,1268.0,1127.0,1164.866666666667,2186225,266698.73,82
2022-07-05,2022,27,5,Tuesday,3,1261,No,1232.0,1111.0,1121.857142857143,1173.066666666667,2315132,274326.37,80
2022-07-06,2022,27,6,Wednesday,3,821,No,1261.0,1209.0,1143.285714285714,1175.966666666667,1488738,179437.83,57
2022-07-07,2022,27,7,Thursday,3,880,No,821.0,971.0,1087.857142857143,1163.9,2037013,206127.14,70
2022-07-08,2022,27,8,Friday,3,1102,No,880.0,1115.0,1074.857142857143,1150.3,2051428,254231.96,73
2022-07-09,2022,27,9,Saturday,3,1023,No,1102.0,1050.0,1073.0,1149.7,2093350,206826.71,73
2022-07-10,2022,27,10,Sunday,3,1346,Yes,1023.0,1165.0,1069.142857142857,1148.766666666667,2608725,278506.33,87
2022-07-11,2022,28,11,Monday,3,1163,No,1346.0,1232.0,1095.0,1152.633333333333,2313619,290022.97,91
2022-07-12,2022,28,12,Tuesday,3,1186,No,1163.0,1261.0,1085.142857142857,1154.1,2036444,228904.62,75
2022-07-13,2022,28,13,Wednesday,3,1163,No,1186.0,821.0,1074.428571428571,1143.066666666667,1900159,203968.79,71
2022-07-14,2022,28,14,Thursday,3,996,No,1163.0,880.0,1123.285714285714,1142.3,2018474,228064.93,71
2022-07-15,2022,28,15,Friday,3,1004,No,996.0,1102.0,1139.857142857143,1139.566666666667,2004774,208589.73,72
2022-07-16,2022,28,16,Saturday,3,1282,No,1004.0,1023.0,1125.857142857143,1134.833333333333,2557750,256804.08,90
2022-07-17,2022,28,17,Sunday,3,1242,No,1282.0,1346.0,1162.857142857143,1142.633333333333,2294283,255464.1,79
2022-07-18,2022,29,18,Monday,3,918,No,1242.0,1163.0,1148.0,1145.033333333333,2005657,211398.6,70
2022-07-19,2022,29,19,Tuesday,3,1180,No,918.0,1186.0,1113.0,1141.633333333333,1995722,211590.64,74
2022-07-20,2022,29,20,Wednesday,3,1045,No,1180.0,1163.0,1112.142857142857,1136.766666666667,2184415,266449.98,80
2022-07-21,2022,29,21,Thursday,3,1051,No,1045.0,996.0,1095.285714285714,1126.166666666667,2058271,210173.22,72
2022-07-22,2022,29,22,Friday,3,1012,No,1051.0,1004.0,1103.142857142857,1115.933333333333,1970761,199234.39,72
2022-07-23,2022,29,23,Saturday,3,1053,No,1012.0,1282.0,1104.285714285714,1120.4,1961458,211668.73,74
2022-07-24,2022,29,24,Sunday,3,1433,No,1053.0,1242.0,1071.571428571429,1116.633333333333,2850325,286067.68,99
2022-07-25,2022,30,25,Monday,3,1360,No,1433.0,918.0,1098.857142857143,1113.333333333333,2391047,265275.38,95
2022-07-26,2022,30,26,Tuesday,3,913,No,1360.0,1180.0,1162.0,1121.7,1545375,173324.21,60
2022-07-27,2022,30,27,Wednesday,3,1126,No,913.0,1045.0,1123.857142857143,1118.5,2516541,275331.16,85
2022-07-28,2022,30,28,Thursday,3,979,No,1126.0,1051.0,1135.428571428571,1113.766666666667,2231074,225013.61,72
2022-07-29,2022,30,29,Friday,3,1104,No,979.0,1012.0,1125.142857142857,1109.366666666667,2194325,273558.76,80
2022-07-30,2022,30,30,Saturday,3,1466,No,1104.0,1053.0,1138.285714285714,1105.866666666667,2557295,281082.82,94
2022-07-31,2022,30,31,Sunday,3,1203,No,1466.0,1433.0,1197.285714285714,1122.366666666667,2404114,268458.29,88
2022-08-01,2022,31,1,Monday,3,1262,No,1203.0,1360.0,1164.428571428571,1125.3,2463123,290945.66,89
2022-08-02,2022,31,2,Tuesday,3,1116,No,1262.0,913.0,1150.428571428571,1132.366666666667,1967198,203855.53,77
2022-08-03,2022,31,3,Wednesday,3,1275,No,1116.0,1126.0,1179.428571428571,1130.733333333333,2592563,269179.36,88
2022-08-04,2022,31,4,Thursday,3,1447,No,1275.0,979.0,1200.714285714286,1132.166666666667,2404067,275568.93,87
2022-08-05,2022,31,5,Friday,3,1253,No,1447.0,1104.0,1267.571428571429,1138.366666666667,2329991,268610.41,84
2022-08-06,2022,31,6,Saturday,3,1162,No,1253.0,1466.0,1288.857142857143,1152.766666666667,2496418,254351.36,87
2022-08-07,2022,31,7,Sunday,3,1144,No,1162.0,1203.0,1245.428571428571,1162.166666666667,2226467,236442.34,79
2022-08-08,2022,32,8,Monday,3,1253,No,1144.0,1262.0,1237.0,1163.566666666667,2275816,240485.2,81
2022-08-09,2022,32,9,Tuesday,3,1366,Yes,1253.0,1116.0,1235.714285714286,1171.233333333333,2452325,274641.63,91
2022-08-10,2022,32,10,Wednesday,3,1023,No,1366.0,1275.0,1271.428571428571,1171.9,2004633,263588.32,76
2022-08-11,2022,32,11,Thursday,3,1064,No,1023.0,1447.0,1235.428571428571,1167.233333333333,2140877,237170.32,76
2022-08-12,2022,32,12,Friday,3,1355,No,1064.0,1253.0,1180.714285714286,1163.166666666667,2617819,264706.35,91
2022-08-13,2022,32,13,Saturday,3,1065,No,1355.0,1162.0,1195.285714285714,1169.566666666667,2183470,269608.0,76
2022-08-14,2022,32,14,Sunday,3,1175,No,1065.0,1144.0,1181.428571428571,1171.866666666667,2355566,280593.01,88
2022-08-15,2022,33,15,Monday,3,1204,Yes,1175.0,1253.0,1185.857142857143,1177.566666666667,2090014,227003.72,73
2022-08-16,2022,33,16,Tuesday,3,1133,No,1204.0,1366.0,1178.857142857143,1174.966666666667,2356987,269381.81,89
2022-08-17,2022,33,17,Wednesday,3,1085,No,1133.0,1023.0,1145.571428571429,1171.333333333333,1859417,256478.49,75
2022-08-18,2022,33,18,Thursday,3,1092,No,1085.0,1064.0,1154.428571428571,1176.9,1960536,191484.79,72
2022-08-19,2022,33,19,Friday,3,1308,Yes,1092.0,1355.0,1158.428571428571,1173.966666666667,2361250,291140.28,85
2022-08-20,2022,33,20,Saturday,3,1256,No,1308.0,1065.0,1151.714285714286,1182.733333333333,2145289,280882.55,81
2022-08-21,2022,33,21,Sunday,3,1131,No,1256.0,1175.0,1179.0,1189.566666666667,1896443,237104.48,78
2022-08-22,2022,34,22,Monday,3,936,No,1131.0,1204.0,1172.714285714286,1193.533333333333,1736107,205169.0,64
2022-08-23,2022,34,23,Tuesday,3,1324,No,936.0,1133.0,1134.428571428571,1189.633333333333,2416606,251966.24,86
2022-08-24,2022,34,24,Wednesday,3,1071,No,1324.0,1085.0,1161.714285714286,1186.0,2026985,222310.56,75
2022-08-25,2022,34,25,Thursday,3,1157,No,1071.0,1092.0,1159.714285714286,1176.366666666667,2153295,236952.9,80
2022-08-26,2022,34,26,Friday,3,970,No,1157.0,1308.0,1169.0,1184.5,1949167,220860.0,69
2022-08-27,2022,34,27,Saturday,3,1078,No,970.0,1256.0,1120.714285714286,1179.3,1856392,218353.05,70
2022-08-28,2022,34,28,Sunday,3,1236,No,1078.0,1131.0,1095.285714285714,1182.6,2377610,245993.35,81
2022-08-29,2022,35,29,Monday,3,1487,No,1236.0,936.0,1110.285714285714,1187.0,2802876,278398.21,102
2022-08-30,2022,35,30,Tuesday,3,1081,No,1487.0,1324.0,1189.0,1187.7,1924474,215925.5,71
2022-08-31,2022,35,31,Wednesday,3,1133,No,1081.0,1071.0,1154.285714285714,1183.633333333333,2045673,237688.22,75
2022-09-01,2022,35,1,Thursday,3,1014,No,1133.0,1157.0,1163.142857142857,1179.333333333333,1998687,213888.44,69
2022-09-02,2022,35,2,Friday,3,945,No,1014.0,970.0,1142.714285714286,1175.933333333333,2063760,211454.92,76
2022-09-03,2022,35,3,Saturday,3,1079,No,945.0,1078.0,1139.142857142857,1164.933333333333,2004169,232575.47,73
2022-09-04,2022,35,4,Sunday,3,1066,No,1079.0,1236.0,1139.285714285714,1152.666666666667,2071353,228312.65,80
2022-09-05,2022,36,5,Monday,3,1409,No,1066.0,1487.0,1115.0,1146.433333333333,2735245,305379.52,100
2022-09-06,2022,36,6,Tuesday,3,878,No,1409.0,1081.0,1103.857142857143,1154.666666666667,1753977,224200.48,66
2022-09-07,2022,36,7,Wednesday,3,946,No,878.0,1133.0,1074.857142857143,1145.8,1845077,224683.51,70
2022-09-08,2022,36,8,Thursday,3,1310,No,946.0,1014.0,1048.142857142857,1135.566666666667,2314502,244937.67,83
2022-09-09,2022,36,9,Friday,3,1176,No,1310.0,945.0,1090.428571428571,1133.7,2234491,268577.83,86
2022-09-10,2022,36,10,Saturday,3,1087,No,1176.0,1079.0,1123.428571428571,1138.8,2133429,243496.73,78
2022-09-11,2022,36,11,Sunday,3,836,No,1087.0,1066.0,1124.571428571429,1139.566666666667,1562972,190529.94,59
2022-09-12,2022,37,12,Monday,3,1092,No,836.0,1409.0,1091.714285714286,1122.266666666667,2075352,234906.91,76
2022-09-13,2022,37,13,Tuesday,3,1022,No,1092.0,878.0,1046.428571428571,1123.166666666667,2061833,236786.84,74
2022-09-14,2022,37,14,Wednesday,3,1048,No,1022.0,946.0,1067.0,1118.066666666667,1956646,230169.07,76
2022-09-15,2022,37,15,Thursday,3,898,No,1048.0,1310.0,1081.571428571429,1112.866666666667,2097527,183550.19,71
2022-09-16,2022,37,16,Friday,3,1058,No,898.0,1176.0,1022.714285714286,1105.033333333333,2175797,247894.52,82
2022-09-17,2022,37,17,Saturday,3,1072,No,1058.0,1087.0,1005.857142857143,1104.133333333333,1921828,211508.36,71
2022-09-18,2022,37,18,Sunday,3,1235,No,1072.0,836.0,1003.714285714286,1103.466666666667,2118897,265775.96,81
2022-09-19,2022,38,19,Monday,3,1346,No,1235.0,1092.0,1060.714285714286,1101.033333333333,2376878,253238.91,86
2022-09-20,2022,38,20,Tuesday,3,1087,No,1346.0,1022.0,1097.0,1104.033333333333,2058901,228473.33,74
2022-09-21,2022,38,21,Wednesday,3,1319,No,1087.0,1048.0,1106.285714285714,1102.566666666667,2420975,264604.26,84
2022-09-22,2022,38,22,Thursday,3,930,No,1319.0,898.0,1145.0,1115.333333333333,1674428,208729.03,66
2022-09-23,2022,38,23,Friday,3,1152,No,930.0,1058.0,1149.571428571429,1102.2,2250592,250987.82,83
2022-09-24,2022,38,24,Saturday,3,1123,No,1152.0,1072.0,1163.0,1104.9,2249044,240695.8,79
2022-09-25,2022,38,25,Sunday,3,1155,No,1123.0,1235.0,1170.285714285714,1103.766666666667,2230552,248203.24,84
2022-09-26,2022,39,26,Monday,3,1066,No,1155.0,1346.0,1158.857142857143,1109.933333333333,2040127,241681.84,74
2022-09-27,2022,39,27,Tuesday,3,1126,No,1066.0,1087.0,1118.857142857143,1109.533333333333,2093111,259944.24,75
2022-09-28,2022,39,28,Wednesday,3,997,No,1126.0,1319.0,1124.428571428571,1105.866666666667,2027497,234019.76,75
2022-09-29,2022,39,29,Thursday,3,1130,No,997.0,930.0,1078.428571428571,1089.533333333333,2190208,251517.02,81
2022-09-30,2022,39,30,Friday,3,999,No,1130.0,1152.0,1107.0,1091.166666666667,1895405,228165.57,72
2022-10-01,2022,39,1,Saturday,4,1239,No,999.0,1123.0,1085.142857142857,1086.7,2509306,298189.44,87
2022-10-02,2022,39,2,Sunday,4,1145,Yes,1239.0,1155.0,1101.714285714286,1094.2,2055126,238131.5,74
2022-10-03,2022,40,3,Monday,4,1293,No,1145.0,1066.0,1100.285714285714,1100.866666666667,2576513,285891.6,85
2022-10-04,2022,40,4,Tuesday,4,1006,No,1293.0,1126.0,1132.714285714286,1108.0,1739579,188772.09,64
2022-10-05,2022,40,5,Wednesday,4,1192,Yes,1006.0,997.0,1115.571428571429,1106.0,2233441,223690.53,79
2022-10-06,2022,40,6,Thursday,4,1246,No,1192.0,1130.0,1143.428571428571,1098.766666666667,2430089,228119.38,83
2022-10-07,2022,40,7,Friday,4,1066,No,1246.0,999.0,1160.0,1111.033333333333,2088770,242206.69,79
2022-10-08,2022,40,8,Saturday,4,1066,No,1066.0,1239.0,1169.571428571429,1115.033333333333,2106571,266461.18,76
2022-10-09,2022,40,9,Sunday,4,1271,Yes,1066.0,1145.0,1144.857142857143,1106.9,2205667,274691.87,83
2022-10-10,2022,41,10,Monday,4,1010,No,1271.0,1293.0,1162.857142857143,1110.066666666667,2050008,177226.98,72
2022-10-11,2022,41,11,Tuesday,4,1437,No,1010.0,1006.0,1122.428571428571,1107.5,2306529,271264.78,85
2022-10-12,2022,41,12,Wednesday,4,1084,No,1437.0,1192.0,1184.0,1127.533333333333,2199128,223441.35,77
2022-10-13,2022,41,13,Thursday,4,1443,No,1084.0,1246.0,1168.571428571429,1127.266666666667,2426167,291367.69,89
2022-10-14,2022,41,14,Friday,4,1237,No,1443.0,1066.0,1196.714285714286,1141.3,2306168,240628.95,88
2022-10-15,2022,41,15,Saturday,4,1271,No,1237.0,1066.0,1221.142857142857,1147.6,2384649,253674.28,86
2022-10-16,2022,41,16,Sunday,4,1243,No,1271.0,1271.0,1250.428571428571,1160.033333333333,2224824,257842.68,85
2022-10-17,2022,42,17,Monday,4,1401,No,1243.0,1010.0,1246.428571428571,1166.2,2326865,260926.24,88
2022-10-18,2022,42,18,Tuesday,4,1415,No,1401.0,1437.0,1302.285714285714,1177.166666666667,2772601,296259.93,95
2022-10-19,2022,42,19,Wednesday,4,1103,No,1415.0,1084.0,1299.142857142857,1183.166666666667,2058417,234499.98,77
2022-10-20,2022,42,20,Thursday,4,1102,No,1103.0,1443.0,1301.857142857143,1175.066666666667,2000579,211852.55,76
2022-10-21,2022,42,21,Friday,4,1158,No,1102.0,1237.0,1253.142857142857,1175.566666666667,2211243,222614.04,78
2022-10-22,2022,42,22,Saturday,4,1044,No,1158.0,1271.0,1241.857142857143,1170.2,2055350,235506.83,75
2022-10-23,2022,42,23,Sunday,4,1260,No,1044.0,1243.0,1209.428571428571,1174.0,2243825,222788.18,79
2022-10-24,2022,43,24,Monday,4,1080,Yes,1260.0,1401.0,1211.857142857143,1177.6,2100068,211668.39,73
2022-10-25,2022,43,25,Tuesday,4,1138,No,1080.0,1415.0,1166.0,1176.166666666667,2325797,261520.04,82
2022-10-26,2022,43,26,Wednesday,4,1183,No,1138.0,1103.0,1126.428571428571,1175.6,2157990,254169.74,79
2022-10-27,2022,43,27,Thursday,4,929,No,1183.0,1102.0,1137.857142857143,1179.5,1589354,167206.55,59
2022-10-28,2022,43,28,Friday,4,1100,No,929.0,1158.0,1113.142857142857,1172.933333333333,2105546,254021.72,78
2022-10-29,2022,43,29,Saturday,4,1242,No,1100.0,1044.0,1104.857142857143,1176.366666666667,2424710,263486.48,85
2022-10-30,2022,43,30,Sunday,4,1258,No,1242.0,1260.0,1133.142857142857,1180.1,2362447,237991.13,85
2022-10-31,2022,44,31,Monday,4,1132,No,1258.0,1080.0,1132.857142857143,1188.733333333333,1829750,205718.76,67
2022-11-01,2022,44,1,Tuesday,4,1149,No,1132.0,1138.0,1140.285714285714,1185.166666666667,2418097,241823.16,82
2022-11-02,2022,44,2,Wednesday,4,1143,No,1149.0,1183.0,1141.857142857143,1185.3,2426999,257098.47,85
2022-11-03,2022,44,3,Thursday,4,1117,No,1143.0,929.0,1136.142857142857,1180.3,2289465,280664.58,85
2022-11-04,2022,44,4,Friday,4,1233,No,1117.0,1100.0,1163.0,1184.0,2074037,256687.43,77
2022-11-05,2022,44,5,Saturday,4,974,No,1233.0,1242.0,1182.0,1185.366666666667,1842387,202600.87,66
2022-11-06,2022,44,6,Sunday,4,1149,No,974.0,1258.0,1143.714285714286,1176.3,2116802,226996.75,79
2022-11-07,2022,45,7,Monday,4,1281,No,1149.0,1132.0,1128.142857142857,1179.066666666667,2584903,311881.64,90
2022-11-08,2022,45,8,Tuesday,4,1189,Yes,1281.0,1149.0,1149.428571428571,1186.233333333333,2301822,271911.17,84
2022-11-09,2022,45,9,Wednesday,4,993,No,1189.0,1143.0,1155.142857142857,1183.5,2067523,222690.06,76
2022-11-10,2022,45,10,Thursday,4,882,No,993.0,1117.0,1133.714285714286,1182.933333333333,1632606,195319.45,64
2022-11-11,2022,45,11,Friday,4,967,No,882.0,1233.0,1100.142857142857,1164.433333333333,2054618,227500.9,71
2022-11-12,2022,45,12,Saturday,4,1486,No,967.0,974.0,1062.142857142857,1160.533333333333,2879555,296142.06,97
2022-11-13,2022,45,13,Sunday,4,1083,No,1486.0,1149.0,1135.285714285714,1161.966666666667,2305375,254083.44,84
2022-11-14,2022,46,14,Monday,4,1050,No,1083.0,1281.0,1125.857142857143,1156.833333333333,1976522,230150.28,74
2022-11-15,2022,46,15,Tuesday,4,1081,No,1050.0,1189.0,1092.857142857143,1149.466666666667,2187968,252698.79,77
2022-11-16,2022,46,16,Wednesday,4,1218,No,1081.0,993.0,1077.428571428571,1144.066666666667,2238008,214155.68,80
2022-11-17,2022,46,17,Thursday,4,1224,No,1218.0,882.0,1109.571428571429,1137.966666666667,2384832,276339.23,86
2022-11-18,2022,46,18,Friday,4,1164,No,1224.0,967.0,1158.428571428571,1131.6,2454519,254371.75,88
2022-11-19,2022,46,19,Saturday,4,1106,No,1164.0,1486.0,1186.571428571429,1133.633333333333,1981452,223524.18,71
2022-11-20,2022,46,20,Sunday,4,1071,No,1106.0,1083.0,1132.285714285714,1133.766666666667,1979960,208591.97,69
2022-11-21,2022,47,21,Monday,4,1015,No,1071.0,1050.0,1130.571428571429,1130.866666666667,1871626,216904.47,74
2022-11-22,2022,47,22,Tuesday,4,1081,No,1015.0,1081.0,1125.571428571429,1129.9,2058600,232061.36,79
2022-11-23,2022,47,23,Wednesday,4,1346,No,1081.0,1218.0,1125.571428571429,1123.933333333333,2339159,252183.46,86
2022-11-24,2022,47,24,Thursday,4,1317,No,1346.0,1224.0,1143.857142857143,1132.8,2527903,312379.15,92
2022-11-25,2022,47,25,Friday,4,919,No,1317.0,1164.0,1157.142857142857,1138.766666666667,1662927,210344.18,67
2022-11-26,2022,47,26,Saturday,4,992,No,919.0,1106.0,1122.142857142857,1129.966666666667,1987874,196444.25,73
2022-11-27,2022,47,27,Sunday,4,1249,No,992.0,1071.0,1105.857142857143,1132.066666666667,2121714,193338.59,76
2022-11-28,2022,48,28,Monday,4,1088,No,1249.0,1015.0,1131.285714285714,1137.033333333333,2180069,260386.11,79
2022-11-29,2022,48,29,Tuesday,4,1057,No,1088.0,1081.0,1141.714285714286,1131.9,1996767,233278.44,74
2022-11-30,2022,48,30,Wednesday,4,1118,No,1057.0,1346.0,1138.285714285714,1125.2,2047105,247654.49,75
2022-12-01,2022,48,1,Thursday,4,1133,No,1118.0,1317.0,1105.714285714286,1124.733333333333,2076741,241644.97,78
2022-12-02,2022,48,2,Friday,4,952,No,1133.0,919.0,1079.428571428571,1124.2,2025870,249938.05,73
2022-12-03,2022,48,3,Saturday,4,1054,No,952.0,992.0,1084.142857142857,1117.833333333333,2063725,217411.23,74
2022-12-04,2022,48,4,Sunday,4,1214,No,1054.0,1249.0,1093.0,1115.733333333333,2296763,254041.76,81
2022-12-05,2022,49,5,Monday,4,1061,No,1214.0,1088.0,1088.0,1115.1,2184738,235167.85,73
2022-12-06,2022,49,6,Tuesday,4,1177,No,1061.0,1057.0,1084.142857142857,1118.0,2113574,241301.18,79
2022-12-07,2022,49,7,Wednesday,4,1244,No,1177.0,1118.0,1101.285714285714,1118.933333333333,2366904,292446.46,85
2022-12-08,2022,49,8,Thursday,4,984,No,1244.0,1133.0,1119.285714285714,1117.7,1931146,186892.97,65
2022-12-09,2022,49,9,Friday,4,1162,No,984.0,952.0,1098.0,1110.866666666667,2031214,254278.0,75
2022-12-10,2022,49,10,Saturday,4,1063,No,1162.0,1054.0,1128.0,1116.5,2006719,242148.8,75
2022-12-11,2022,49,11,Sunday,4,1120,No,1063.0,1214.0,1129.285714285714,1122.533333333333,2123998,251684.7,81
2022-12-12,2022,50,12,Monday,4,1034,No,1120.0,1061.0,1115.857142857143,1127.633333333333,2208268,229351.82,78
2022-12-13,2022,50,13,Tuesday,4,1032,No,1034.0,1177.0,1112.0,1112.566666666667,1810190,199665.2,71
2022-12-14,2022,50,14,Wednesday,4,1031,No,1032.0,1244.0,1091.285714285714,1110.866666666667,1732806,233512.29,71
2022-12-15,2022,50,15,Thursday,4,876,No,1031.0,984.0,1060.857142857143,1110.233333333333,2004423,245295.12,75
2022-12-16,2022,50,16,Friday,4,1376,No,876.0,1162.0,1045.428571428571,1103.4,2482051,299757.28,94
2022-12-17,2022,50,17,Saturday,4,1030,No,1376.0,1063.0,1076.0,1108.666666666667,2123598,205852.67,76
2022-12-18,2022,50,18,Sunday,4,918,No,1030.0,1120.0,1071.285714285714,1102.2,1878783,228506.81,69
2022-12-19,2022,51,19,Monday,4,1104,No,918.0,1034.0,1042.428571428571,1094.0,1867042,221102.7,71
2022-12-20,2022,51,20,Tuesday,4,1090,No,1104.0,1032.0,1052.428571428571,1093.933333333333,2262209,257720.0,78
2022-12-21,2022,51,21,Wednesday,4,1376,No,1090.0,1031.0,1060.714285714286,1094.566666666667,2756677,310043.77,97
2022-12-22,2022,51,22,Thursday,4,1193,No,1376.0,876.0,1110.0,1106.6,2184265,223613.57,77
2022-12-23,2022,51,23,Friday,4,1318,No,1193.0,1376.0,1155.285714285714,1110.333333333333,2010032,228649.32,77
2022-12-24,2022,51,24,Saturday,4,984,No,1318.0,1030.0,1147.0,1109.4,1784501,217047.03,69
2022-12-25,2022,51,25,Sunday,4,1160,Yes,984.0,918.0,1140.428571428571,1098.3,2195413,228025.31,79
2022-12-26,2022,52,26,Monday,4,892,No,1160.0,1104.0,1175.0,1106.333333333333,1678943,196470.07,62
2022-12-27,2022,52,27,Tuesday,4,1055,No,892.0,1090.0,1144.714285714286,1103.0,1955039,209067.12,75
2022-12-28,2022,52,28,Wednesday,4,953,No,1055.0,1376.0,1139.714285714286,1096.533333333333,1938710,209388.14,70
2022-12-29,2022,52,29,Thursday,4,1236,No,953.0,1193.0,1079.285714285714,1092.033333333333,2318578,243523.69,82
2022-12-30,2022,52,30,Friday,4,992,No,1236.0,1318.0,1085.428571428571,1098.0,1929601,226783.79,72
2022-12-31,2022,52,31,Saturday,4,1485,No,992.0,984.0,1038.857142857143,1093.8,2400582,261145.44,93
2023-01-01,2023,52,1,Sunday,1,1055,No,1485.0,1160.0,1110.428571428571,1105.533333333333,2074803,230655.0,71
2023-01-02,2023,1,2,Monday,1,1221,No,1055.0,892.0,1095.428571428571,1108.966666666667,2204913,253652.15,78
2023-01-03,2023,1,3,Tuesday,1,974,No,1221.0,1055.0,1142.428571428571,1114.533333333333,2045283,208281.48,70
2023-01-04,2023,1,4,Wednesday,1,1155,No,974.0,953.0,1130.857142857143,1106.533333333333,1989854,212234.52,70
2023-01-05,2023,1,5,Thursday,1,1306,No,1155.0,1236.0,1159.714285714286,1109.666666666667,2746921,297752.88,94
2023-01-06,2023,1,6,Friday,1,1395,No,1306.0,992.0,1169.714285714286,1113.966666666667,2452421,273161.05,88
2023-01-07,2023,1,7,Saturday,1,1066,No,1395.0,1485.0,1227.285714285714,1119.0,1967810,201286.45,76
2023-01-08,2023,1,8,Sunday,1,949,No,1066.0,1055.0,1167.428571428571,1121.733333333333,1948760,210137.14,69
2023-01-09,2023,2,9,Monday,1,1178,No,949.0,1221.0,1152.285714285714,1114.633333333333,2158799,225732.47,83
2023-01-10,2023,2,10,Tuesday,1,1166,No,1178.0,974.0,1146.142857142857,1118.466666666667,2209200,274324.18,87
2023-01-11,2023,2,11,Wednesday,1,1197,No,1166.0,1155.0,1173.571428571429,1120.0,2113063,225641.78,74
2023-01-12,2023,2,12,Thursday,1,1167,No,1197.0,1306.0,1179.571428571429,1125.433333333333,2355893,274311.92,83
2023-01-13,2023,2,13,Friday,1,902,No,1167.0,1395.0,1159.714285714286,1129.933333333333,1657337,177845.37,57
2023-01-14,2023,2,14,Saturday,1,1195,No,902.0,1066.0,1089.285714285714,1125.633333333333,2281904,241180.01,83
2023-01-15,2023,2,15,Sunday,1,993,No,1195.0,949.0,1107.714285714286,1136.266666666667,2046619,210328.45,71
2023-01-16,2023,3,16,Monday,1,1398,No,993.0,1178.0,1114.0,1123.5,2442371,242795.11,90
2023-01-17,2023,3,17,Tuesday,1,1409,No,1398.0,1166.0,1145.428571428571,1135.766666666667,2607592,263472.33,94
2023-01-18,2023,3,18,Wednesday,1,1258,No,1409.0,1197.0,1180.142857142857,1152.133333333333,2552296,305824.15,85
2023-01-19,2023,3,19,Thursday,1,1019,No,1258.0,1167.0,1188.857142857143,1157.266666666667,2076360,265761.79,77
2023-01-20,2023,3,20,Friday,1,962,No,1019.0,902.0,1167.714285714286,1154.9,1973436,236169.26,77
2023-01-21,2023,3,21,Saturday,1,1429,No,962.0,1195.0,1176.285714285714,1141.1,2608437,272813.42,93
2023-01-22,2023,3,22,Sunday,1,978,No,1429.0,993.0,1209.714285714286,1148.966666666667,1885824,218039.67,71
2023-01-23,2023,4,23,Monday,1,1165,No,978.0,1398.0,1207.571428571429,1137.633333333333,1997930,269938.47,75
2023-01-24,2023,4,24,Tuesday,1,1408,No,1165.0,1409.0,1174.285714285714,1143.666666666667,2599742,267284.18,94
2023-01-25,2023,4,25,Wednesday,1,1158,No,1408.0,1258.0,1174.142857142857,1151.933333333333,2239188,212991.73,81
2023-01-26,2023,4,26,Thursday,1,1070,Yes,1158.0,1019.0,1159.857142857143,1160.8,1838947,223024.35,68
2023-01-27,2023,4,27,Friday,1,1137,No,1070.0,962.0,1167.142857142857,1161.3,2014212,210571.86,74
2023-01-28,2023,4,28,Saturday,1,858,No,1137.0,1429.0,1192.142857142857,1167.433333333333,1677252,175740.76,60
2023-01-29,2023,4,29,Sunday,1,1207,No,858.0,978.0,1110.571428571429,1154.833333333333,2095642,246476.51,79
2023-01-30,2023,5,30,Monday,1,1045,No,1207.0,1165.0,1143.285714285714,1162.0,2222442,235201.64,83
2023-01-31,2023,5,31,Tuesday,1,1221,No,1045.0,1408.0,1126.142857142857,1147.333333333333,2293099,265451.23,82
2023-02-01,2023,5,1,Wednesday,1,1361,No,1221.0,1158.0,1099.428571428571,1152.866666666667,2151711,264270.05,82
2023-02-02,2023,5,2,Thursday,1,952,No,1361.0,1070.0,1128.428571428571,1157.533333333333,2035525,216973.68,70
2023-02-03,2023,5,3,Friday,1,1062,No,952.0,1137.0,1111.571428571429,1156.8,2070929,220015.88,73
2023-02-04,2023,5,4,Saturday,1,1088,No,1062.0,858.0,1100.857142857143,1153.7,2088774,240709.9,76
2023-02-05,2023,5,5,Sunday,1,1168,No,1088.0,1207.0,1133.714285714286,1146.433333333333,2089037,227451.24,78
2023-02-06,2023,6,6,Monday,1,1255,No,1168.0,1045.0,1128.142857142857,1138.866666666667,2569867,263739.97,92
2023-02-07,2023,6,7,Tuesday,1,1232,No,1255.0,1221.0,1158.142857142857,1145.166666666667,2453097,288736.36,86
2023-02-08,2023,6,8,Wednesday,1,1126,No,1232.0,1361.0,1159.714285714286,1154.6,2170628,261452.67,79
2023-02-09,2023,6,9,Thursday,1,1102,No,1126.0,952.0,1126.142857142857,1152.866666666667,2074121,249711.52,76
2023-02-10,2023,6,10,Friday,1,1123,No,1102.0,1062.0,1147.571428571429,1150.733333333333,2259184,243605.67,78
2023-02-11,2023,6,11,Saturday,1,1000,No,1123.0,1088.0,1156.285714285714,1148.266666666667,2097560,227808.67,73
2023-02-12,2023,6,12,Sunday,1,1004,No,1000.0,1168.0,1143.714285714286,1142.7,1842640,236287.07,69
2023-02-13,2023,7,13,Monday,1,1193,No,1004.0,1255.0,1120.285714285714,1146.1,2116788,259269.33,75
2023-02-14,2023,7,14,Tuesday,1,1044,No,1193.0,1232.0,1111.428571428571,1146.033333333333,2078981,248422.58,76
2023-02-15,2023,7,15,Wednesday,1,890,No,1044.0,1126.0,1084.571428571429,1147.733333333333,1760358,184867.73,64
2023-02-16,2023,7,16,Thursday,1,1099,No,890.0,1102.0,1050.857142857143,1130.8,2083226,222416.13,75
2023-02-17,2023,7,17,Friday,1,1055,No,1099.0,1123.0,1050.428571428571,1120.466666666667,2125687,246056.15,77
2023-02-18,2023,7,18,Saturday,1,1129,No,1055.0,1000.0,1040.714285714286,1113.7,2354429,255475.56,83
2023-02-19,2023,7,19,Sunday,1,1311,No,1129.0,1004.0,1059.142857142857,1117.366666666667,2043524,234649.75,79
2023-02-20,2023,8,20,Monday,1,1109,No,1311.0,1193.0,1103.0,1129.0,2203597,267312.66,80
2023-02-21,2023,8,21,Tuesday,1,859,No,1109.0,1044.0,1091.0,1118.333333333333,1881021,207152.49,69
2023-02-22,2023,8,22,Wednesday,1,1183,No,859.0,890.0,1064.571428571429,1114.366666666667,1977303,220101.89,76
2023-02-23,2023,8,23,Thursday,1,1269,No,1183.0,1099.0,1106.428571428571,1114.966666666667,2257111,259518.22,88
2023-02-24,2023,8,24,Friday,1,1117,No,1269.0,1055.0,1130.714285714286,1110.333333333333,2117254,222566.44,77
2023-02-25,2023,8,25,Saturday,1,990,No,1117.0,1129.0,1139.571428571429,1108.966666666667,1983933,185615.94,68
2023-02-26,2023,8,26,Sunday,1,1075,No,990.0,1311.0,1119.714285714286,1106.3,2132587,235204.02,81
2023-02-27,2023,9,27,Monday,1,1133,No,1075.0,1109.0,1086.0,1104.233333333333,1994736,236705.24,74
2023-02-28,2023,9,28,Tuesday,1,901,No,1133.0,859.0,1089.428571428571,1113.4,1836452,192686.19,62
2023-03-01,2023,9,1,Wednesday,1,926,No,901.0,1183.0,1095.428571428571,1103.2,1829574,222558.26,71
2023-03-02,2023,9,2,Thursday,1,1250,No,926.0,1269.0,1058.714285714286,1099.233333333333,2237001,271375.26,83
2023-03-03,2023,9,3,Friday,1,1060,No,1250.0,1117.0,1056.0,1100.2,1966746,212908.45,69
2023-03-04,2023,9,4,Saturday,1,1291,No,1060.0,990.0,1047.857142857143,1090.166666666667,2273958,253330.67,87
2023-03-05,2023,9,5,Sunday,1,931,No,1291.0,1075.0,1090.857142857143,1101.466666666667,2008562,197797.02,69
2023-03-06,2023,10,6,Monday,1,1246,No,931.0,1133.0,1070.285714285714,1097.1,2392636,251905.83,87
2023-03-07,2023,10,7,Tuesday,1,1336,No,1246.0,901.0,1086.428571428571,1102.366666666667,2545453,272337.85,90
2023-03-08,2023,10,8,Wednesday,1,1295,Yes,1336.0,926.0,1148.571428571429,1107.966666666667,2217174,261113.95,85
2023-03-09,2023,10,9,Thursday,1,951,No,1295.0,1250.0,1201.285714285714,1109.3,2021796,232976.69,74
2023-03-10,2023,10,10,Friday,1,1255,No,951.0,1060.0,1158.571428571429,1099.933333333333,2116546,210002.48,82
2023-03-11,2023,10,11,Saturday,1,1281,No,1255.0,1291.0,1186.428571428571,1104.233333333333,2251845,292079.76,84
2023-03-12,2023,10,12,Sunday,1,1019,No,1281.0,931.0,1185.0,1110.2,2076707,220749.44,70
2023-03-13,2023,11,13,Monday,1,1183,No,1019.0,1246.0,1197.571428571429,1106.733333333333,1957476,212112.59,71
2023-03-14,2023,11,14,Tuesday,1,989,No,1183.0,1336.0,1188.571428571429,1112.833333333333,1807171,196523.31,68
2023-03-15,2023,11,15,Wednesday,1,903,No,989.0,1295.0,1139.0,1112.333333333333,1613745,205804.6,67
2023-03-16,2023,11,16,Thursday,1,1179,No,903.0,951.0,1083.0,1102.666666666667,2200363,260332.3,81
2023-03-17,2023,11,17,Friday,1,1119,No,1179.0,1255.0,1115.571428571429,1107.166666666667,2171289,248364.89,81
2023-03-18,2023,11,18,Saturday,1,1214,No,1119.0,1281.0,1096.142857142857,1114.8,2154763,247826.54,81
2023-03-19,2023,11,19,Sunday,1,1033,No,1214.0,1019.0,1086.571428571429,1118.633333333333,1885836,200124.02,65
2023-03-20,2023,12,20,Monday,1,1330,No,1033.0,1183.0,1088.571428571429,1117.9,2623593,309132.72,97
2023-03-21,2023,12,21,Tuesday,1,1231,No,1330.0,989.0,1109.571428571429,1124.6,2388946,274645.96,87
2023-03-22,2023,12,22,Wednesday,1,1187,No,1231.0,903.0,1144.142857142857,1121.933333333333,2201487,278558.27,80
2023-03-23,2023,12,23,Thursday,1,1279,No,1187.0,1179.0,1184.714285714286,1124.533333333333,2584231,253399.84,91
2023-03-24,2023,12,24,Friday,1,1102,No,1279.0,1119.0,1199.0,1138.533333333333,2169858,272559.58,78
2023-03-25,2023,12,25,Saturday,1,1621,No,1102.0,1214.0,1196.571428571429,1135.833333333333,2734582,311942.46,101
2023-03-26,2023,12,26,Sunday,1,883,No,1621.0,1033.0,1254.714285714286,1147.566666666667,1435691,178586.95,56
2023-03-27,2023,13,27,Monday,1,916,No,883.0,1330.0,1233.285714285714,1139.766666666667,1735185,219887.21,66
2023-03-28,2023,13,28,Tuesday,1,1406,No,916.0,1231.0,1174.142857142857,1137.3,2673910,286293.0,98
2023-03-29,2023,13,29,Wednesday,1,927,No,1406.0,1187.0,1199.142857142857,1148.333333333333,1641253,209780.81,59
2023-03-30,2023,13,30,Thursday,1,895,Yes,927.0,1279.0,1162.0,1141.466666666667,1790689,219746.39,63
2023-03-31,2023,13,31,Friday,1,991,No,895.0,1102.0,1107.142857142857,1141.266666666667,1806341,224988.6,71
2023-04-01,2023,13,1,Saturday,2,1353,No,991.0,1621.0,1091.285714285714,1143.433333333333,2475985,289788.45,93
2023-04-02,2023,13,2,Sunday,2,1215,No,1353.0,883.0,1053.0,1146.866666666667,2615344,272867.53,91
2023-04-03,2023,14,3,Monday,2,1278,No,1215.0,916.0,1100.428571428571,1152.033333333333,2106229,264242.93,79
2023-04-04,2023,14,4,Tuesday,2,1375,Yes,1278.0,1406.0,1152.142857142857,1151.6,2178262,255054.85,86
2023-04-05,2023,14,5,Wednesday,2,1187,No,1375.0,927.0,1147.714285714286,1166.4,2370118,273086.46,87
2023-04-06,2023,14,6,Thursday,2,886,No,1187.0,895.0,1184.857142857143,1164.433333333333,1714432,175493.45,65
2023-04-07,2023,14,7,Friday,2,1013,Yes,886.0,991.0,1183.571428571429,1149.433333333333,2012114,258612.04,70
2023-04-08,2023,14,8,Saturday,2,1025,No,1013.0,1353.0,1186.714285714286,1140.033333333333,1830671,202040.27,71
2023-04-09,2023,14,9,Sunday,2,1113,No,1025.0,1215.0,1139.857142857143,1142.5,1875100,238084.1,75
2023-04-10,2023,15,10,Monday,2,1215,No,1113.0,1278.0,1125.285714285714,1137.766666666667,2081557,234474.05,79
2023-04-11,2023,15,11,Tuesday,2,1095,No,1215.0,1375.0,1116.285714285714,1135.566666666667,2268474,254532.0,79
2023-04-12,2023,15,12,Wednesday,2,1401,No,1095.0,1187.0,1076.285714285714,1138.1,2594931,267003.38,92
2023-04-13,2023,15,13,Thursday,2,991,No,1401.0,886.0,1106.857142857143,1145.366666666667,1651241,211966.68,62
2023-04-14,2023,15,14,Friday,2,1102,Yes,991.0,1013.0,1121.857142857143,1145.433333333333,1960501,226486.03,75
2023-04-15,2023,15,15,Saturday,2,959,No,1102.0,1025.0,1134.571428571429,1152.066666666667,1975125,218741.16,70
2023-04-16,2023,15,16,Sunday,2,904,No,959.0,1113.0,1125.142857142857,1144.733333333333,1782730,197354.7,65
2023-04-17,2023,16,17,Monday,2,1178,No,904.0,1215.0,1095.285714285714,1137.566666666667,2311189,281472.0,82
2023-04-18,2023,16,18,Tuesday,2,1272,No,1178.0,1095.0,1090.0,1136.366666666667,2367076,262806.82,83
2023-04-19,2023,16,19,Wednesday,2,976,No,1272.0,1401.0,1115.285714285714,1144.333333333333,2079053,180021.7,71
2023-04-20,2023,16,20,Thursday,2,1101,No,976.0,991.0,1054.571428571429,1132.533333333333,2267775,251574.69,78
2023-04-21,2023,16,21,Friday,2,1299,No,1101.0,1102.0,1070.285714285714,1128.2,2542983,292595.59,92
2023-04-22,2023,16,22,Saturday,2,1222,Yes,1299.0,959.0,1098.428571428571,1131.933333333333,2213678,296374.19,84
2023-04-23,2023,16,23,Sunday,2,1001,No,1222.0,904.0,1136.0,1130.033333333333,1915740,201055.75,70
2023-04-24,2023,17,24,Monday,2,1097,No,1001.0,1178.0,1149.857142857143,1126.666666666667,1912713,205521.62,69
2023-04-25,2023,17,25,Tuesday,2,960,No,1097.0,1272.0,1138.285714285714,1109.2,1957275,213073.15,72
2023-04-26,2023,17,26,Wednesday,2,1149,No,960.0,976.0,1093.714285714286,1111.766666666667,2254834,240359.77,84
2023-04-27,2023,17,27,Thursday,2,1306,No,1149.0,1101.0,1118.428571428571,1119.533333333333,2315388,285956.09,85
2023-04-28,2023,17,28,Friday,2,1061,No,1306.0,1299.0,1147.714285714286,1116.2,2111666,270807.1,79
2023-04-29,2023,17,29,Saturday,2,1126,No,1061.0,1222.0,1113.714285714286,1120.666666666667,2221319,233549.33,79
2023-04-30,2023,17,30,Sunday,2,904,No,1126.0,1001.0,1100.0,1128.366666666667,1966180,234835.26,69
2023-05-01,2023,18,1,Monday,2,787,No,904.0,1097.0,1086.142857142857,1125.466666666667,1633000,176843.87,57
2023-05-02,2023,18,2,Tuesday,2,1010,No,787.0,960.0,1041.857142857143,1106.6,1847461,221258.47,69
2023-05-03,2023,18,3,Wednesday,2,1000,No,1010.0,1149.0,1049.0,1099.766666666667,1613641,177334.27,61
2023-05-04,2023,18,4,Thursday,2,1129,No,1000.0,1306.0,1027.714285714286,1090.5,2096931,262151.75,76
2023-05-05,2023,18,5,Friday,2,996,Yes,1129.0,1061.0,1002.428571428571,1082.3,1806555,209724.51,67
2023-05-06,2023,18,6,Saturday,2,1166,No,996.0,1126.0,993.1428571428572,1075.933333333333,2013269,253247.7,77
2023-05-07,2023,18,7,Sunday,2,1028,No,1166.0,904.0,998.8571428571428,1085.266666666667,1897585,257904.3,70
2023-05-08,2023,19,8,Monday,2,1186,No,1028.0,787.0,1016.571428571429,1085.766666666667,2231840,254994.19,81
2023-05-09,2023,19,9,Tuesday,2,979,No,1186.0,1010.0,1073.571428571429,1091.133333333333,2212919,244112.78,75
2023-05-10,2023,19,10,Wednesday,2,829,No,979.0,1000.0,1069.142857142857,1086.666666666667,1905274,194904.59,63
2023-05-11,2023,19,11,Thursday,2,1038,No,829.0,1129.0,1044.714285714286,1073.8,2175882,235116.14,80
2023-05-12,2023,19,12,Friday,2,1332,No,1038.0,996.0,1031.714285714286,1071.9,2347998,313519.17,91
2023-05-13,2023,19,13,Saturday,2,1036,No,1332.0,1166.0,1079.714285714286,1069.6,1804228,206309.85,67
2023-05-14,2023,19,14,Sunday,2,910,No,1036.0,1028.0,1061.142857142857,1071.1,1707618,203615.18,62
2023-05-15,2023,20,15,Monday,2,1203,No,910.0,1186.0,1044.285714285714,1064.7,2048016,259084.88,80
2023-05-16,2023,20,16,Tuesday,2,1080,No,1203.0,979.0,1046.714285714286,1072.833333333333,2101405,239503.96,76
2023-05-17,2023,20,17,Wednesday,2,1365,No,1080.0,829.0,1061.142857142857,1078.7,2478650,290491.29,88
2023-05-18,2023,20,18,Thursday,2,1231,No,1365.0,1038.0,1137.714285714286,1084.933333333333,2145715,218419.19,79
2023-05-19,2023,20,19,Friday,2,1264,No,1231.0,1332.0,1165.285714285714,1083.566666666667,2510247,219274.3,92
2023-05-20,2023,20,20,Saturday,2,1203,No,1264.0,1036.0,1155.571428571429,1093.166666666667,2415415,241386.32,86
2023-05-21,2023,20,21,Sunday,2,1019,No,1203.0,910.0,1179.428571428571,1096.566666666667,2110770,221776.9,78
2023-05-22,2023,21,22,Monday,2,1067,No,1019.0,1203.0,1195.0,1087.233333333333,2153020,213381.64,73
2023-05-23,2023,21,23,Tuesday,2,1065,No,1067.0,1080.0,1175.571428571429,1082.066666666667,1893758,197636.56,65
2023-05-24,2023,21,24,Wednesday,2,1085,No,1065.0,1365.0,1173.428571428571,1084.2,2103664,247123.67,80
2023-05-25,2023,21,25,Thursday,2,1203,No,1085.0,1231.0,1133.428571428571,1083.8,2301086,251004.1,85
2023-05-26,2023,21,26,Friday,2,999,No,1203.0,1264.0,1129.428571428571,1091.9,2049320,224818.87,75
2023-05-27,2023,21,27,Saturday,2,1185,No,999.0,1203.0,1091.571428571429,1086.9,2494307,258014.85,84
2023-05-28,2023,21,28,Sunday,2,1195,No,1185.0,1019.0,1089.0,1082.866666666667,2198546,238585.23,81
2023-05-29,2023,22,29,Monday,2,937,No,1195.0,1067.0,1114.142857142857,1087.333333333333,1786584,202634.44,66
2023-05-30,2023,22,30,Tuesday,2,1437,No,937.0,1065.0,1095.571428571429,1081.033333333333,2418259,285343.22,92
2023-05-31,2023,22,31,Wednesday,2,975,No,1437.0,1085.0,1148.714285714286,1098.8,1999378,224279.03,72
2023-06-01,2023,22,1,Thursday,2,1051,No,975.0,1203.0,1133.0,1105.066666666667,1857449,231547.43,75
2023-06-02,2023,22,2,Friday,2,1083,No,1051.0,999.0,1111.285714285714,1106.433333333333,2112465,248469.79,72
2023-06-03,2023,22,3,Saturday,2,1108,No,1083.0,1185.0,1123.285714285714,1109.2,1686971,227782.04,67
2023-06-04,2023,22,4,Sunday,2,847,No,1108.0,1195.0,1112.285714285714,1108.5,1756568,162134.65,63
2023-06-05,2023,23,5,Monday,2,929,No,847.0,937.0,1062.571428571429,1103.533333333333,2047615,243457.18,73
2023-06-06,2023,23,6,Tuesday,2,1232,No,929.0,1437.0,1061.428571428571,1095.633333333333,2112502,253316.56,85
2023-06-07,2023,23,7,Wednesday,2,1143,No,1232.0,975.0,1032.142857142857,1102.433333333333,2467778,269046.69,87
2023-06-08,2023,23,8,Thursday,2,1461,No,1143.0,1051.0,1056.142857142857,1101.0,2476463,283021.29,90
2023-06-09,2023,23,9,Friday,2,884,No,1461.0,1083.0,1114.714285714286,1117.066666666667,1785056,211855.3,66
2023-06-10,2023,23,10,Saturday,2,969,No,884.0,1108.0,1086.285714285714,1118.9,1833930,200040.61,67
2023-06-11,2023,23,11,Sunday,2,1241,No,969.0,847.0,1066.428571428571,1116.6,2146273,260002.58,80
2023-06-12,2023,24,12,Monday,2,983,No,1241.0,929.0,1122.714285714286,1113.566666666667,1980219,220099.2,69
2023-06-13,2023,24,13,Tuesday,2,1287,No,983.0,1232.0,1130.428571428571,1111.8,2519314,282978.94,91
2023-06-14,2023,24,14,Wednesday,2,1046,No,1287.0,1143.0,1138.285714285714,1124.366666666667,2063088,232576.84,76
2023-06-15,2023,24,15,Thursday,2,765,No,1046.0,1461.0,1124.428571428571,1119.133333333333,1503095,167434.3,57
2023-06-16,2023,24,16,Friday,2,1123,No,765.0,884.0,1025.0,1108.633333333333,2334990,258921.39,84
2023-06-17,2023,24,17,Saturday,2,1161,No,1123.0,969.0,1059.142857142857,1100.566666666667,2164721,233138.4,78
2023-06-18,2023,24,18,Sunday,2,1201,No,1161.0,1241.0,1086.571428571429,1098.233333333333,2258623,261577.44,86
2023-06-19,2023,25,19,Monday,2,1201,No,1201.0,983.0,1080.857142857143,1096.133333333333,2403296,292013.09,90
2023-06-20,2023,25,20,Tuesday,2,897,No,1201.0,1287.0,1112.0,1096.066666666667,1910647,215396.5,71
2023-06-21,2023,25,21,Wednesday,2,1237,No,897.0,1046.0,1056.285714285714,1092.0,2564001,287739.99,93
2023-06-22,2023,25,22,Thursday,2,977,No,1237.0,765.0,1083.571428571429,1097.666666666667,2068571,232361.93,73
2023-06-23,2023,25,23,Friday,2,1074,No,977.0,1123.0,1113.857142857143,1094.733333333333,2277068,261262.47,81
2023-06-24,2023,25,24,Saturday,2,1140,No,1074.0,1161.0,1106.857142857143,1094.366666666667,2110378,238435.33,78
2023-06-25,2023,25,25,Sunday,2,1188,No,1140.0,1201.0,1103.857142857143,1092.266666666667,1995595,273885.97,78
2023-06-26,2023,26,26,Monday,2,1053,No,1188.0,1201.0,1102.0,1098.566666666667,2004771,254510.21,74
2023-06-27,2023,26,27,Tuesday,2,957,No,1053.0,897.0,1080.857142857143,1094.166666666667,1950513,226892.92,70
2023-06-28,2023,26,28,Wednesday,2,1112,No,957.0,1237.0,1089.428571428571,1086.233333333333,2250260,265523.69,84
2023-06-29,2023,26,29,Thursday,2,1083,Yes,1112.0,977.0,1071.571428571429,1092.066666666667,2124550,245140.0,81
2023-06-30,2023,26,30,Friday,2,1107,No,1083.0,1074.0,1086.714285714286,1080.266666666667,2083977,237880.5,73
2023-07-01,2023,26,1,Saturday,3,1205,No,1107.0,1140.0,1091.428571428571,1084.666666666667,2038569,243585.39,77
2023-07-02,2023,26,2,Sunday,3,987,No,1205.0,1188.0,1100.714285714286,1089.8,1848434,228464.65,68
2023-07-03,2023,27,3,Monday,3,1384,No,987.0,1053.0,1072.0,1086.6,2300583,266495.91,89
2023-07-04,2023,27,4,Tuesday,3,1065,No,1384.0,957.0,1119.285714285714,1095.8,1949515,192119.19,71
2023-07-05,2023,27,5,Wednesday,3,1129,No,1065.0,1112.0,1134.714285714286,1103.066666666667,2154405,253932.27,81
2023-07-06,2023,27,6,Thursday,3,1241,No,1129.0,1083.0,1137.142857142857,1109.733333333333,2481055,267535.47,88
2023-07-07,2023,27,7,Friday,3,1042,No,1241.0,1107.0,1159.714285714286,1110.033333333333,1863972,227986.38,72
2023-07-08,2023,27,8,Saturday,3,1494,No,1042.0,1205.0,1150.428571428571,1106.666666666667,2392901,277557.08,88
2023-07-09,2023,27,9,Sunday,3,1090,No,1494.0,987.0,1191.714285714286,1107.766666666667,2009550,231378.1,76
2023-07-10,2023,28,10,Monday,3,1116,No,1090.0,1384.0,1206.428571428571,1114.633333333333,2206822,265431.55,83
2023-07-11,2023,28,11,Tuesday,3,1244,No,1116.0,1065.0,1168.142857142857,1119.533333333333,2215784,255262.24,85
2023-07-12,2023,28,12,Wednesday,3,992,No,1244.0,1129.0,1193.714285714286,1119.633333333333,1949291,191863.09,68
2023-07-13,2023,28,13,Thursday,3,1391,No,992.0,1241.0,1174.142857142857,1119.933333333333,2361660,266360.55,86
2023-07-14,2023,28,14,Friday,3,1250,No,1391.0,1042.0,1195.571428571429,1123.4,2204887,262431.5,82
2023-07-15,2023,28,15,Saturday,3,1100,No,1250.0,1494.0,1225.285714285714,1130.2,2255595,227485.68,79
2023-07-16,2023,28,16,Sunday,3,1158,No,1100.0,1090.0,1169.0,1141.366666666667,2246777,252453.1,79
2023-07-17,2023,29,17,Monday,3,1129,No,1158.0,1116.0,1178.714285714286,1142.533333333333,2318325,243247.41,80
2023-07-18,2023,29,18,Tuesday,3,1041,No,1129.0,1244.0,1180.571428571429,1141.466666666667,1955163,211040.37,72
2023-07-19,2023,29,19,Wednesday,3,1199,No,1041.0,992.0,1151.571428571429,1136.133333333333,2058172,255850.2,77
2023-07-20,2023,29,20,Thursday,3,1310,No,1199.0,1391.0,1181.142857142857,1136.066666666667,2343395,264366.45,83
2023-07-21,2023,29,21,Friday,3,924,No,1310.0,1250.0,1169.571428571429,1149.833333333333,1754345,175036.1,62
2023-07-22,2023,29,22,Saturday,3,1032,No,924.0,1100.0,1123.0,1139.4,1750658,203909.67,66
2023-07-23,2023,29,23,Sunday,3,1058,No,1032.0,1158.0,1113.285714285714,1141.233333333333,2070209,248824.81,74
2023-07-24,2023,30,24,Monday,3,1188,No,1058.0,1129.0,1099.0,1140.7,2319285,274111.86,84
2023-07-25,2023,30,25,Tuesday,3,1306,No,1188.0,1041.0,1107.428571428571,1142.3,2416620,300791.49,88
2023-07-26,2023,30,26,Wednesday,3,1030,No,1306.0,1199.0,1145.285714285714,1146.233333333333,1703527,202510.6,67
2023-07-27,2023,30,27,Thursday,3,1317,No,1030.0,1310.0,1121.142857142857,1145.466666666667,2728340,272177.32,95
2023-07-28,2023,30,28,Friday,3,999,No,1317.0,924.0,1122.142857142857,1157.466666666667,2142647,240949.99,78
2023-07-29,2023,30,29,Saturday,3,1143,Yes,999.0,1032.0,1132.857142857143,1153.7,2106156,264896.52,75
2023-07-30,2023,30,30,Sunday,3,1139,No,1143.0,1058.0,1148.714285714286,1155.7,2131569,217903.58,72
2023-07-31,2023,31,31,Monday,3,1166,No,1139.0,1188.0,1160.285714285714,1156.766666666667,2399029,290455.62,88
2023-08-01,2023,31,1,Tuesday,3,1153,No,1166.0,1306.0,1157.142857142857,1155.466666666667,2186488,255784.64,79
2023-08-02,2023,31,2,Wednesday,3,1122,No,1153.0,1030.0,1135.285714285714,1161.0,1956827,253862.6,76
2023-08-03,2023,31,3,Thursday,3,1207,No,1122.0,1317.0,1148.428571428571,1152.266666666667,2202155,259710.23,77
2023-08-04,2023,31,4,Friday,3,1157,No,1207.0,999.0,1132.714285714286,1157.0,2213381,256004.55,79
2023-08-05,2023,31,5,Saturday,3,980,No,1157.0,1143.0,1155.285714285714,1157.933333333333,1803827,218461.14,70
2023-08-06,2023,31,6,Sunday,3,1189,No,980.0,1139.0,1132.0,1149.233333333333,2324839,228388.48,83
2023-08-07,2023,32,7,Monday,3,1331,No,1189.0,1166.0,1139.142857142857,1154.133333333333,2361554,249380.81,87
2023-08-08,2023,32,8,Tuesday,3,1123,No,1331.0,1153.0,1162.714285714286,1148.7,2065844,254115.13,76
2023-08-09,2023,32,9,Wednesday,3,807,No,1123.0,1122.0,1158.428571428571,1149.8,1651831,176985.96,56
2023-08-10,2023,32,10,Thursday,3,798,No,807.0,1207.0,1113.428571428571,1139.5,1607390,181331.96,59
2023-08-11,2023,32,11,Friday,3,1352,No,798.0,1157.0,1055.0,1124.633333333333,2459290,225326.53,87
2023-08-12,2023,32,12,Saturday,3,1034,No,1352.0,980.0,1082.857142857143,1136.633333333333,1773531,219158.15,65
2023-08-13,2023,32,13,Sunday,3,1197,No,1034.0,1189.0,1090.571428571429,1124.733333333333,2239222,263744.07,82
2023-08-14,2023,33,14,Monday,3,906,No,1197.0,1331.0,1091.714285714286,1122.966666666667,1839611,197131.36,70
2023-08-15,2023,33,15,Tuesday,3,1106,Yes,906.0,1123.0,1031.0,1116.5,2025453,215774.94,73
2023-08-16,2023,33,16,Wednesday,3,1069,No,1106.0,807.0,1028.571428571429,1114.766666666667,1934320,240235.24,73
2023-08-17,2023,33,17,Thursday,3,1149,No,1069.0,798.0,1066.0,1112.766666666667,2096050,240851.28,81
2023-08-18,2023,33,18,Friday,3,1138,No,1149.0,1352.0,1116.142857142857,1116.366666666667,2362816,263674.75,85
2023-08-19,2023,33,19,Saturday,3,1271,No,1138.0,1034.0,1085.571428571429,1114.333333333333,2482892,264313.82,90
2023-08-20,2023,33,20,Sunday,3,1109,No,1271.0,1197.0,1119.428571428571,1113.033333333333,2106675,239502.03,78
2023-08-21,2023,34,21,Monday,3,1002,No,1109.0,906.0,1106.857142857143,1119.2,2015473,201585.95,72
2023-08-22,2023,34,22,Tuesday,3,1104,No,1002.0,1106.0,1120.571428571429,1118.2,1966135,223881.97,76
2023-08-23,2023,34,23,Wednesday,3,956,No,1104.0,1069.0,1120.285714285714,1119.733333333333,1753218,193745.17,63
2023-08-24,2023,34,24,Thursday,3,1179,No,956.0,1149.0,1104.142857142857,1112.0,2298740,260809.85,86
2023-08-25,2023,34,25,Friday,3,1216,No,1179.0,1138.0,1108.428571428571,1107.766666666667,2281872,254203.9,81
2023-08-26,2023,34,26,Saturday,3,943,No,1216.0,1271.0,1119.571428571429,1113.966666666667,1941454,231189.67,68
2023-08-27,2023,34,27,Sunday,3,1031,No,943.0,1109.0,1072.714285714286,1101.5,2092330,218726.88,75
2023-08-28,2023,35,28,Monday,3,1076,No,1031.0,1002.0,1061.571428571429,1102.566666666667,2056989,234899.32,74
2023-08-29,2023,35,29,Tuesday,3,1307,No,1076.0,1104.0,1072.142857142857,1100.333333333333,2144053,260194.45,84
2023-08-30,2023,35,30,Wednesday,3,947,No,1307.0,956.0,1101.142857142857,1105.933333333333,1701412,194572.37,64
2023-08-31,2023,35,31,Thursday,3,1135,No,947.0,1179.0,1099.857142857143,1098.633333333333,2048744,216846.38,75
2023-09-01,2023,35,1,Friday,3,1161,No,1135.0,1216.0,1093.571428571429,1098.033333333333,2243971,242625.43,80
2023-09-02,2023,35,2,Saturday,3,1001,No,1161.0,943.0,1085.714285714286,1099.333333333333,1976478,225844.93,74
2023-09-03,2023,35,3,Sunday,3,973,No,1001.0,1031.0,1094.0,1092.466666666667,1831546,227969.4,73
2023-09-04,2023,36,4,Monday,3,1162,No,973.0,1076.0,1085.714285714286,1086.333333333333,1988291,218468.59,77
2023-09-05,2023,36,5,Tuesday,3,1111,No,1162.0,1307.0,1098.0,1092.4,2440002,270470.95,86
2023-09-06,2023,36,6,Wednesday,3,1225,No,1111.0,947.0,1070.0,1089.8,2080005,248824.42,82
2023-09-07,2023,36,7,Thursday,3,1331,Yes,1225.0,1135.0,1109.714285714286,1086.266666666667,2524163,297882.53,90
2023-09-08,2023,36,8,Friday,3,1261,No,1331.0,1161.0,1137.714285714286,1093.2,2301949,258009.7,85
2023-09-09,2023,36,9,Saturday,3,986,No,1261.0,1001.0,1152.0,1108.333333333333,1887086,224476.79,73
2023-09-10,2023,36,10,Sunday,3,1220,No,986.0,973.0,1149.857142857143,1114.6,2144819,232324.53,79
2023-09-11,2023,37,11,Monday,3,848,No,1220.0,1162.0,1185.142857142857,1110.2,1678660,178214.37,62
2023-09-12,2023,37,12,Tuesday,3,1248,No,848.0,1111.0,1140.285714285714,1104.0,2123156,257008.29,82
2023-09-13,2023,37,13,Wednesday,3,1000,No,1248.0,1225.0,1159.857142857143,1105.7,2081149,227204.53,75
2023-09-14,2023,37,14,Thursday,3,986,No,1000.0,1331.0,1127.714285714286,1108.833333333333,2037229,236918.05,73
2023-09-15,2023,37,15,Friday,3,1190,No,986.0,1261.0,1078.428571428571,1104.833333333333,2088483,225239.24,78
2023-09-16,2023,37,16,Saturday,3,1072,No,1190.0,986.0,1068.285714285714,1108.866666666667,2050227,206041.41,73
2023-09-17,2023,37,17,Sunday,3,1055,No,1072.0,1220.0,1080.571428571429,1106.3,1945093,211305.96,71
2023-09-18,2023,38,18,Monday,3,1021,No,1055.0,848.0,1057.0,1103.533333333333,1972576,211743.19,73
2023-09-19,2023,38,19,Tuesday,3,1370,No,1021.0,1248.0,1081.714285714286,1095.2,2379400,247921.66,94
2023-09-20,2023,38,20,Wednesday,3,1108,No,1370.0,1000.0,1099.142857142857,1103.9,2133674,203458.23,74
2023-09-21,2023,38,21,Thursday,3,969,No,1108.0,986.0,1114.571428571429,1107.433333333333,1828509,211750.15,67
2023-09-22,2023,38,22,Friday,3,1196,No,969.0,1190.0,1112.142857142857,1102.933333333333,2483678,282678.54,88
2023-09-23,2023,38,23,Saturday,3,847,No,1196.0,1072.0,1113.0,1110.933333333333,1695779,193649.44,64
2023-09-24,2023,38,24,Sunday,3,1197,No,847.0,1055.0,1080.857142857143,1099.866666666667,2102320,249143.91,81
2023-09-25,2023,39,25,Monday,3,1041,No,1197.0,1021.0,1101.142857142857,1099.233333333333,1824699,219502.45,70
2023-09-26,2023,39,26,Tuesday,3,1234,No,1041.0,1370.0,1104.0,1102.5,2530524,242224.48,86
2023-09-27,2023,39,27,Wednesday,3,1017,No,1234.0,1108.0,1084.571428571429,1109.266666666667,1863132,227533.04,75
2023-09-28,2023,39,28,Thursday,3,1182,Yes,1017.0,969.0,1071.571428571429,1107.3,2158786,244585.85,80
2023-09-29,2023,39,29,Friday,3,1097,No,1182.0,1196.0,1102.0,1103.133333333333,2127713,246884.94,84
2023-09-30,2023,39,30,Saturday,3,1135,No,1097.0,847.0,1087.857142857143,1108.133333333333,2104426,248531.2,78
2023-10-01,2023,39,1,Sunday,4,1143,No,1135.0,1197.0,1129.0,1108.133333333333,2205220,259932.61,82
2023-10-02,2023,40,2,Monday,4,1336,Yes,1143.0,1041.0,1121.285714285714,1107.533333333333,2237606,242991.36,81
2023-10-03,2023,40,3,Tuesday,4,768,No,1336.0,1234.0,1163.428571428571,1118.7,1407217,173305.87,54
2023-10-04,2023,40,4,Wednesday,4,1419,No,768.0,1017.0,1096.857142857143,1111.866666666667,2391357,252601.17,92
2023-10-05,2023,40,5,Thursday,4,1090,No,1419.0,1182.0,1154.285714285714,1120.433333333333,2121919,244435.29,78
2023-10-06,2023,40,6,Friday,4,1055,No,1090.0,1097.0,1141.142857142857,1119.733333333333,1842395,219537.25,68
2023-10-07,2023,40,7,Saturday,4,898,No,1055.0,1135.0,1135.142857142857,1114.066666666667,1944571,206075.87,69
2023-10-08,2023,40,8,Sunday,4,1020,No,898.0,1143.0,1101.285714285714,1099.633333333333,2019363,233562.84,74
2023-10-09,2023,41,9,Monday,4,867,No,1020.0,1336.0,1083.714285714286,1091.6,1556919,159172.64,56
2023-10-10,2023,41,10,Tuesday,4,1456,No,867.0,768.0,1016.714285714286,1087.633333333333,2715258,270717.13,95
2023-10-11,2023,41,11,Wednesday,4,1131,No,1456.0,1419.0,1115.0,1095.5,1892234,228582.98,75
2023-10-12,2023,41,12,Thursday,4,1460,No,1131.0,1090.0,1073.857142857143,1104.933333333333,2375949,274730.07,88
2023-10-13,2023,41,13,Friday,4,859,No,1460.0,1055.0,1126.714285714286,1112.0,1833674,203990.09,67
2023-10-14,2023,41,14,Saturday,4,1133,No,859.0,898.0,1098.714285714286,1107.3,2126725,235819.59,78
2023-10-15,2023,41,15,Sunday,4,238,No,1133.0,1020.0,1132.285714285714,1112.2,478113,53201.82,16
